"Printer Name","Branch No.","MIB Type","Product Name","Job ID","Service Type","Host Name","User Name","Document Name","Job Owner Name","Job Client ID","Print Status","Port","Data Format","IP Address","Output Tray","N Up","Input Tray","Logging Date","Log Collection Time","Printer Date","Printer Time","Print Start Date","Print Start Time","Print End Date","Print End Time","Total Printed Impressions","Total Printed Impressions Since Power On","Error","Printing Output Color","Printing Size","Pages","Paper Type","Paper Size","Sheets","Job Template Name","Copies","Staple Count","Original Output Color","Original Pages","Original Type","Original Size","Recipient IP Address","Mailbox No.","Fax Recipient Phone Number","Fax Remote Terminal Name","F Code","Fax Line","Fax Start Date","Fax Start Time","Fax End Date","Fax End Time","Fax Duration","Remote ID","Fax Images Sent","Fax Images Size","Fax Speed Dial Number","Detailed Service Type","Related Job ID","Account ID","Card No.","Meter 1","Meter 2","Meter 3","Billing Meter Number","Recipient Info","Staple Type","Fold Type","Fold Count","Punch Type","Punch Count","Bind Count","UUID","Document Number","Cause of Error","Job Error Code","Fax Sender ID","Fax Dial-In Number","Fax Recipient Information","Fax Call Type","Fax Transmission Speed","Fax Reconnection Flag","Name in Address Book","Send Fax Status","Fax Communication Result","Stored Fax Pages"
"New MFD 15","1 of 3","FX MIB(SOAP)","FUJI XEROX ApeosPort-V 2060","340","Copy","","Lia Ekawati","","Lia.Ekawati","","Completed","","","10.144.130.38","","1 Up","","2020/12/16","11:38:40","2020/12/16","11:37:49","2020/12/16","11:32:43","2020/12/16","11:32:52","554","552","0","","","0","","","0","","0","0","B/W","1","Text","A4","","","","","","","0000/00/00","00:00:00","0000/00/00","00:00:00","0","","0","","","Copy","","","","554","0","0","0","","","","0","","0","0","bc800154-3f57-11eb-8000-1c7d222df636","","","","","","","","","","","","","0"
"New MFD 15","2 of 3","FX MIB(SOAP)","FUJI XEROX ApeosPort-V 2060","340","Copy","","Lia Ekawati","","Lia.Ekawati","","Completed","","","10.144.130.38","Output Tray","1 Up","Tray 1","2020/12/16","11:38:40","2020/12/16","11:37:49","2020/12/16","11:32:43","2020/12/16","11:32:52","554","552","0","B/W","A4","1","","","0","","1","0","","0","","","","","","","","","0000/00/00","00:00:00","0000/00/00","00:00:00","0","","0","","","Copy","","","","554","0","0","1","","","","0","","0","0","bc800154-3f57-11eb-8000-1c7d222df636","","","","","","","","","","","","","0"
"New MFD 15","3 of 3","FX MIB(SOAP)","FUJI XEROX ApeosPort-V 2060","340","Copy","","Lia Ekawati","","Lia.Ekawati","","Completed","","","10.144.130.38","Output Tray","1 Up","Tray 1","2020/12/16","11:38:40","2020/12/16","11:37:49","2020/12/16","11:32:43","2020/12/16","11:32:52","554","552","0","","","0","Plain","A4","1","","1","0","","0","","","","","","","","","0000/00/00","00:00:00","0000/00/00","00:00:00","0","","0","","","Copy","","","","554","0","0","1","","","","0","","0","0","bc800154-3f57-11eb-8000-1c7d222df636","","","","","","","","","","","","","0"
"New MFD 15","1 of 2","FX MIB(SOAP)","FUJI XEROX ApeosPort-V 2060","343","Email Transfer","","","","DMU.AGIT","","Completed","SMTP","PDF","10.144.130.38","","1 Up","","2020/12/16","17:58:40","2020/12/16","17:57:48","2020/12/16","17:52:51","2020/12/16","17:52:57","554","552","0","","","0","","","0","","0","0","Full Color","1","Mixture of Photo and Text","A4","10.144.6.210","","","","","","0000/00/00","00:00:00","0000/00/00","00:00:00","0","","0","","","Scan To Email","","","","554","0","0","0","DMU.AGIT@avivaid.local","","","0","","0","0","d7800157-3f8c-11eb-8000-1c7d222df636","","","","","","","","","","","","","0"
"New MFD 15","2 of 2","FX MIB(SOAP)","FUJI XEROX ApeosPort-V 2060","343","Email Transfer","","","","DMU.AGIT","","Completed","SMTP","PDF","10.144.130.38","","","","2020/12/16","17:58:40","2020/12/16","17:57:48","2020/12/16","17:52:51","2020/12/16","17:52:57","554","552","0","","","0","","","0","","0","0","Full Color","1","","","10.144.6.210","","","","","","0000/00/00","00:00:00","0000/00/00","00:00:00","0","","0","","","Scan To Email","","","","554","0","0","0","DMU.AGIT@avivaid.local","","","0","","0","0","d7800157-3f8c-11eb-8000-1c7d222df636","","","","","","","","","","","","","0"
